1234567,Aymen,Abdelmoumen,123 Nigga Street,1500.000000,2-12-2025,009,Iglcl4CW-2&M,
1112223,Aymen,Abdelmoumen,123 Nigga Street,1500.000000,2-12-2025,009,admin,
